,lon,lat,address
1,-119.4179324,36.778261,"california, usa"
2,-73.298408,41.7040641,"us-202, united states"
5,-72.6412013,42.3250896,"northampton, ma, usa"
9,-121.3716178,38.4087993,"elk grove, ca, usa"
12,-74.0059728,40.7127753,"new york, ny, usa"
13,-73.9182387,40.6254241,"2142 ralph ave, brooklyn, ny 11234, usa"
14,-95.712891,37.09024,united states
15,-83.2318054,33.0798884,"231 w hancock st, milledgeville, ga 31061, usa"
19,-118.542586,34.3916641,"santa clarita, ca, usa"
22,-81.1637245,33.836081,"south carolina, usa"
23,-89.4012302,43.0730517,"madison, wi, usa"
24,-84.5111008,39.1029873,"114 e 6th st, cincinnati, oh 45202, usa"
25,-118.3286614,34.0928092,"hollywood, los angeles, ca, usa"
27,-90.1994042,38.6270025,"st. louis, mo, usa"
29,-77.0368707,38.9071923,"washington, dc, usa"
30,-71.1786237,42.1236499,"sharon, ma, usa"
31,-105.5153527,38.3706368,"45 log ln dead, cotopaxi, co 81223, usa"
33,-93.2009998,44.9374831,"twin cities, mn, usa"
35,-122.0020776,37.5262979,"2086 newpark mall rd, newark, ca 94560, usa"
38,-95.971261,36.153315,"533 s rockford ave, tulsa, ok 74120, usa"
41,-111.73854,40.3641184,"pleasant grove, ut, usa"
46,-83.1761631,41.1154697,"71 s washington st, tiffin, oh 44883, usa"
49,-90.1994042,38.6270025,"st. louis, mo, usa"
50,-79.0192997,35.7595731,"north carolina, usa"
51,-79.9133816,40.465722,"larimer ave, pittsburgh, pa 15206, usa"
54,-71.0588801,42.3600825,"boston, ma, usa"
55,-95.712891,37.09024,united states
58,-96.9944489,32.482361,"midlothian, tx, usa"
60,-105.0749801,40.3977612,"loveland, co, usa"
61,-81.5157535,27.6648274,"florida, usa"
66,-95.9618958,36.0404924,"8330 riverside pkwy, tulsa, ok 74137, usa"
71,-83.2948922,36.2139814,"morristown, tn, usa"
73,-79.0780831,40.008411,"somerset, pa 15501, usa"
75,-74.3118212,41.3911653,"orange county, ny, usa"
76,-95.3698028,29.7604267,"houston, tx, usa"
77,-95.712891,37.09024,united states
79,-122.3320708,47.6062095,"seattle, wa, usa"
81,-83.5149023,36.2809202,"rutledge, tn 37861, usa"
82,-87.6297982,41.8781136,"chicago, il, usa"
83,-76.1783739,40.0466571,"lancaster county, pa, usa"
85,-104.9793907,39.7368455,"608 e 13th ave suite 1, denver, co 80203, usa"
86,-102.623199,32.772201,"513 cr 103, seminole, tx 79360, united states"
88,-123.7510225,47.750087,"olympic peninsula, washington 98331, usa"
89,-79.0377388,43.0962143,"niagara falls, ny, usa"
90,-118.377219,34.019486,"5933 bowcroft st, los angeles, ca 90016, usa"
91,-119.4179324,36.778261,"california, usa"
93,-84.4277001,33.6407282,"hartsfield-jackson atlanta international airport (atl), 6000 n terminal pkwy, atlanta, ga 30320, usa"
95,-81.5157535,27.6648274,"florida, usa"
96,-86.6540919,34.7123752,"tranquility base, huntsville, al 35805, usa"
97,-76.9957039,39.4235805,"20 liberty rd d, sykesville, md 21784, usa"
104,-118.2436849,34.0522342,"los angeles, ca, usa"
105,-86.2516406,33.1731716,"sylacauga, al, usa"
107,-86.902298,32.3182314,"alabama, usa"
109,-74.937139,39.0135465,"republic ln, villas, nj 08251, usa"
113,-77.026088,38.9906657,"silver spring, md, usa"
114,-84.4277001,33.6407282,"hartsfield-jackson atlanta international airport (atl), 6000 n terminal pkwy, atlanta, ga 30320, usa"
115,-75.1585075,40.5876009,"amsterdam, holland township, nj 08848, usa"
116,-121.436935,43.8729511,"57100 beaver dr # 24, sunriver, or 97707, usa"
117,-121.8863286,37.3382082,"san jose, ca, usa"
120,-118.2436849,34.0522342,"los angeles, ca, usa"
121,-83.7740198,35.8725599,"seymour, tn, usa"
122,-95.712891,37.09024,united states
123,-118.2436849,34.0522342,"los angeles, ca, usa"
125,-84.4838654,42.7369792,"east lansing, mi, usa"
126,-71.065428,42.504923,"1 new salem st, wakefield, ma 01880, usa"
127,-121.7114362,48.4241961,"skagit county, wa, usa"
129,-121.9654696,36.9711454,"1435 41st ave, capitola, ca 95010, usa"
131,-80.2706044,26.271192,"coral springs, fl, usa"
132,-75.3698895,40.0415996,"wayne, pa, usa"
133,-117.5931084,34.1063989,"rancho cucamonga, ca, usa"
136,-86.5804473,35.5174913,"tennessee, usa"
137,-118.2436849,34.0522342,"los angeles, ca, usa"
138,-87.735895,42.1080834,"winnetka, il, usa"
139,-119.4179324,36.778261,"california, usa"
144,-74.0059728,40.7127753,"new york, ny, usa"
147,-95.712891,37.09024,united states
151,-86.902298,32.3182314,"alabama, usa"
152,-73.7948516,40.7282239,"queens, ny, usa"
153,-82.907123,40.4172871,"ohio, usa"
157,-110.926479,32.2217429,"tucson, az, usa"
159,-86.158068,39.768403,"indianapolis, in, usa"
161,-112.3679279,33.6292337,"surprise, az, usa"
162,-87.7845025,41.8850317,"oak park, il, usa"
163,-75.6012002,41.3405944,"8th, pennsylvania 18444, usa"
164,-86.158068,39.768403,"indianapolis, in, usa"
168,-122.6764815,45.5230622,"portland, or, usa"
173,-112.0069083,42.6192183,"430 main st, lava hot springs, id 83246, usa"
174,-122.2710788,37.5585465,"foster city, ca, usa"
175,-71.4128343,41.8239891,"providence, ri, usa"
176,-117.1661449,33.1433723,"san marcos, ca, usa"
178,-122.2913078,37.8271784,"san francisco bay area, ca, usa"
180,-75.1068388,40.1742757,"hatboro, pa 19040, usa"
181,-96.0617155,33.0929274,"1763 co rd 3302, greenville, tx 75402, usa"
183,-105.2561166,39.98998,"44 co-93, boulder, co 80305, usa"
184,-87.7828523,42.7261309,"racine, wi, usa"
185,-95.712891,37.09024,united states
187,-119.0187125,35.3732921,"bakersfield, ca, usa"
188,-75.2424229,39.8743959,"philadelphia international airport (phl), 8000 essington ave, philadelphia, pa 19153, usa"
189,-84.4277001,33.6407282,"hartsfield-jackson atlanta international airport (atl), 6000 n terminal pkwy, atlanta, ga 30320, usa"
190,-109.3838725,36.9615025,"redskin blvd, teec nos pos, az 86514, usa"
191,-97.092877,35.0077519,"oklahoma, usa"
192,-88.7878678,43.7844397,"wisconsin, usa"
193,-74.0059728,40.7127753,"new york, ny, usa"
194,-77.0368707,38.9071923,"washington, dc, usa"
195,-69.4454689,45.253783,"maine, usa"
196,-94.785493,30.060823,"514 davidge st, liberty, tx 77575, usa"
200,-95.712891,37.09024,united states
202,-87.6297982,41.8781136,"chicago, il, usa"
204,-77.1945247,41.2033216,"pennsylvania, usa"
207,-87.5499127,41.7319051,"s houston ave, chicago, il 60617, usa"
208,-122.5697032,38.1074198,"novato, ca, usa"
209,-81.6943605,41.49932,"cleveland, oh, usa"
211,-91.8318334,37.9642529,"missouri, usa"
212,-96.9488945,32.8140177,"irving, tx, usa"
213,-89.9206512,35.1213511,"east memphis, memphis, tn, usa"
214,-88.914102,40.482914,"3201 cira dr #201, bloomington, il 61704, usa"
216,-93.2009998,44.9374831,"twin cities, mn, usa"
217,-95.857444,36.118537,"10664 e 31st st, tulsa, ok 74146, usa"
218,-84.3879824,33.7489954,"atlanta, ga, usa"
220,-93.1566107,45.0060767,"roseville, mn 55113, usa"
221,-74.0059728,40.7127753,"new york, ny, usa"
222,-116.419389,34.9592083,"southern california, ca, usa"
223,-102.6616977,40.1474837,"county rd 40, yuma, co 80759, usa"
227,-85.6023643,44.3148443,"michigan, usa"
229,-72.827915,41.8540094,"simsbury, ct, usa"
231,-81.5157535,27.6648274,"florida, usa"
233,-95.2860474,29.5635666,"pearland, tx, usa"
234,-95.712891,37.09024,united states
235,-82.9000751,32.1656221,"georgia, usa"
238,-83.4252673,36.0416083,"1006 epco dr, dandridge, tn 37725, usa"
239,-73.9983821,40.6394368,"4802 10th ave, brooklyn, ny 11219, usa"
242,-99.9018131,31.9685988,"texas, usa"
244,-95.712891,37.09024,united states
246,-74.4338269,39.359225,"9 s ohio ave, atlantic city, nj 08401, usa"
247,-80.0695908,36.4557487,"nc-704, north carolina, usa"
250,-97.092877,35.0077519,"oklahoma, usa"
252,-95.2356801,38.9676558,"846 massachusetts st, lawrence, ks 66044, usa"
253,-79.0192997,35.7595731,"north carolina, usa"
255,-89.3985283,32.3546679,"mississippi, usa"
257,-118.2436849,34.0522342,"los angeles, ca, usa"
259,-87.9301134,42.9308255,"1300 w college ave, milwaukee, wi 53221, usa"
260,-82.3248262,29.6516344,"gainesville, fl, usa"
263,-116.419389,34.9592083,"southern california, ca, usa"
264,-79.9559358,39.6361396,"morgantown, wv 26506, usa"
266,-87.6297982,41.8781136,"chicago, il, usa"
267,-73.9441579,40.6781784,"brooklyn, ny, usa"
268,-95.712891,37.09024,united states
269,-118.542586,34.3916641,"santa clarita, ca, usa"
272,-73.7176337,40.9700171,"harrison, ny, usa"
273,-76.2858726,36.8507689,"norfolk, va, usa"
274,-87.6297982,41.8781136,"chicago, il, usa"
275,-79.0192997,35.7595731,"north carolina, usa"
276,-86.5804473,35.5174913,"tennessee, usa"
277,-71.4774291,41.5800945,"rhode island, usa"
278,-73.087749,41.6032207,"connecticut, usa"
279,-95.2041135,32.5884735,"hawkins, tx 75765, usa"
280,-98.4936282,29.4241219,"san antonio, tx, usa"
283,-97.7430608,30.267153,"austin, tx, usa"
287,-80.3045967,25.8641207,"hialeah, fl 33012, usa"
289,-96.7969879,32.7766642,"dallas, tx, usa"
290,-122.0651819,37.9100783,"walnut creek, ca, usa"
292,-76.6121893,39.2903848,"baltimore, md, usa"
293,-123.4307413,48.118146,"port angeles, wa, usa"
294,-81.5157535,27.6648274,"florida, usa"
295,-87.2169149,30.421309,"pensacola, fl, usa"
298,-73.134961,40.789142,"long island, new york, usa"
300,-74.383763,40.9148209,"montville, nj, usa"
301,-121.8863286,37.3382082,"san jose, ca, usa"
303,-90.1029736,29.9603192,"1025 s jefferson davis pkwy, new orleans, la 70125, usa"
304,-122.3320708,47.6062095,"seattle, wa, usa"
305,-73.9940175,40.7270847,"10 bond st, new york, ny 10012, usa"
307,-95.3698028,29.7604267,"houston, tx, usa"
308,-118.4109089,33.8847361,"manhattan beach, ca, usa"
310,-87.6297982,41.8781136,"chicago, il, usa"
311,-96.7311034,43.5445959,"sioux falls, sd, usa"
312,-88.2241279,44.817436,"3946 wery rd, oconto falls, wi 54154, usa"
313,-74.0059728,40.7127753,"new york, ny, usa"
315,-72.6655757,41.6572525,"rocky hill, ct, usa"
316,-116.7804664,47.6776832,"coeur d'alene, id, usa"
317,-83.5070203,35.6531943,"great smoky mountains, united states"
318,-97.8756302,39.01007,"105 s main st, tescott, ks 67484, usa"
325,-98.4936282,29.4241219,"san antonio, tx, usa"
326,-95.712891,37.09024,united states
328,-117.7153335,33.6927438,"0 latitude, irvine, ca 92618, usa"
330,-74.4056612,40.0583238,"new jersey, usa"
331,-95.712891,37.09024,united states
332,-97.396381,27.8005828,"corpus christi, tx, usa"
333,-77.0368707,38.9071923,"washington, dc, usa"
334,-87.4360804,30.4142478,"lillian, al 36549, usa"
335,-117.9379952,33.7742692,"garden grove, ca, usa"
338,-86.5804473,35.5174913,"tennessee, usa"
339,-73.9441579,40.6781784,"brooklyn, ny, usa"
340,-92.9080375,42.0494674,"marshalltown, ia 50158, usa"
341,-83.7430378,42.2808256,"ann arbor, mi, usa"
342,-77.4360481,37.5407246,"richmond, va, usa"
343,-78.6381787,35.7795897,"raleigh, nc, usa"
344,-78.898619,35.9940329,"durham, nc, usa"
348,-122.2913078,37.8271784,"san francisco bay area, ca, usa"
349,-93.3539268,44.9293924,"3981 zarthan ave s, minneapolis, mn 55416, usa"
350,-82.4734787,36.2942722,"jonesborough, tn 37659, usa"
351,-97.6779842,30.6332618,"georgetown, tx, usa"
353,-71.0475773,42.3381437,"south boston, boston, ma, usa"
354,-122.8670454,45.4942838,"aloha, or, usa"
355,-84.3879824,33.7489954,"atlanta, ga, usa"
356,-72.5198537,42.3732216,"amherst, ma, usa"
358,-94.5785667,39.0997265,"kansas city, mo, usa"
360,-87.6297982,41.8781136,"chicago, il, usa"
362,-85.3863599,40.1933767,"muncie, in, usa"
363,-122.4194155,37.7749295,"san francisco, ca, usa"
365,-95.712891,37.09024,united states
367,-93.6341514,42.0065333,"815 isu c dr, ames, ia 50010, usa"
373,-111.0937311,34.0489281,"arizona, usa"
374,-70.8226541,43.9653889,"new england, usa"
375,-87.6297982,41.8781136,"chicago, il, usa"
377,-122.4194155,37.7749295,"san francisco, ca, usa"
378,-122.2711137,37.8043637,"oakland, ca, usa"
380,-81.724004,41.4196115,"5700 brookpark rd, cleveland, oh 44129, usa"
381,-77.1710914,38.882334,"falls church, va, usa"
382,-84.1051939,33.7123305,"lithonia, ga 30058, usa"
383,-95.712891,37.09024,united states
384,-97.0583681,36.1156071,"stillwater, ok, usa"
385,-96.5991593,32.7667955,"mesquite, tx, usa"
387,-91.9623327,30.9842977,"louisiana, usa"
388,-97.3307658,32.7554883,"fort worth, tx, usa"
390,-95.712891,37.09024,united states
391,-81.5981799,40.707003,"brewster, oh, usa"
392,-81.4735257,28.4720521,"orlando, fl 32819, usa"
394,-122.0307963,36.9741171,"santa cruz, ca, usa"
395,-84.5169757,39.2177925,"finneytown, oh, usa"
397,-75.9652117,40.329537,"wyomissing, pa, usa"
399,-82.907123,40.4172871,"ohio, usa"
400,-73.9464769,40.8115504,"harlem, new york, ny, usa"
402,-73.7836365,40.9073297,"566 main st, new rochelle, ny 10801, usa"
404,-97.7430608,30.267153,"austin, tx, usa"
405,-111.0937311,34.0489281,"arizona, usa"
406,-91.8318334,37.9642529,"missouri, usa"
408,-78.898619,35.9940329,"durham, nc, usa"
409,-87.6297982,41.8781136,"chicago, il, usa"
410,-76.8867008,40.2731911,"harrisburg, pa, usa"
411,-97.7430608,30.267153,"austin, tx, usa"
415,-122.6764815,45.5230622,"portland, or, usa"
417,-121.8946761,36.6002378,"monterey, ca, usa"
423,-94.6858998,46.729553,"minnesota, usa"
424,-73.9849828,40.7517807,"48 w 38th st, new york, ny 10018, usa"
425,-79.0558445,35.9131996,"chapel hill, nc, usa"
427,-95.3698028,29.7604267,"houston, tx, usa"
428,-95.712891,37.09024,united states
429,-87.6297982,41.8781136,"chicago, il, usa"
430,-78.8783689,42.8864468,"buffalo, ny, usa"
431,-105.7820674,39.5500507,"colorado, usa"
432,-69.4454689,45.253783,"maine, usa"
433,-104.9398068,39.6676011,"2720 s colorado blvd #708, denver, co 80222, usa"
438,-115.1398296,36.1699412,"las vegas, nv, usa"
439,-122.2416355,37.7652065,"alameda, ca, usa"
440,-73.8648268,40.8447819,"bronx, ny, usa"
443,-84.3879824,33.7489954,"atlanta, ga, usa"
444,-97.7842319,30.2063488,"5616 s 1st st #13, austin, tx 78745, usa"
445,-118.2436849,34.0522342,"los angeles, ca, usa"
446,-84.2807329,30.4382559,"tallahassee, fl, usa"
449,-119.4179324,36.778261,"california, usa"
451,-91.9623327,30.9842977,"louisiana, usa"
452,-81.5157535,27.6648274,"florida, usa"
455,-77.0469214,38.8048355,"alexandria, va, usa"
458,-88.7878678,43.7844397,"wisconsin, usa"
460,-108.7306725,42.833014,"lander, wy 82520, usa"
461,-74.0059728,40.7127753,"new york, ny, usa"
463,-99.9018131,31.9685988,"texas, usa"
464,-87.6297982,41.8781136,"chicago, il, usa"
466,-76.662988,34.715291,"617 front st, beaufort, nc 28516, usa"
467,-122.7094767,42.1945758,"ashland, or 97520, usa"
469,-111.0937311,34.0489281,"arizona, usa"
471,-75.0760137,38.7209454,"rehoboth beach, de, usa"
473,-77.0272517,38.8981403,"1100 g st nw #805, washington, dc 20005, usa"
475,-121.8385392,36.9664091,"oz ln, watsonville, ca 95076, usa"
479,-77.0718248,38.9284816,"3101 wisconsin ave nw, washington, dc 20016, usa"
480,-96.3344068,30.627977,"college station, tx, usa"
482,-74.0059728,40.7127753,"new york, ny, usa"
483,-122.4355989,37.7987026,"3138 fillmore st, san francisco, ca 94123, usa"
484,-83.4112678,42.4978212,"secluded ln & twelve mile rd, farmington hills, mi 48331, usa"
485,-158.0832343,21.5318703,"hi-803, waialua, hi 96791, usa"
486,-74.231439,40.8656829,"150 commerce rd, cedar grove, nj 07009, usa"
489,-77.0368707,38.9071923,"washington, dc, usa"
490,-110.926479,32.2217429,"tucson, az, usa"
491,-95.712891,37.09024,united states
492,-81.5157535,27.6648274,"florida, usa"
495,-102.4107493,34.2331373,"earth, tx 79031, usa"
498,-74.2097014,40.082129,"lakewood township, nj 08701, usa"
499,-77.1945247,41.2033216,"pennsylvania, usa"
500,-95.712891,37.09024,united states
501,-116.0967013,44.9079558,"613 n 3rd st #610, mccall, id 83638, usa"
503,-82.6015206,34.829838,"easley, sc, usa"
504,-112.3679279,33.6292337,"surprise, az, usa"
505,-84.3879824,33.7489954,"atlanta, ga, usa"
506,-86.3619163,32.4798575,"millbrook, al, usa"
507,-84.2940899,34.0753762,"alpharetta, ga, usa"
508,-96.8743039,32.7098737,"3025-3027 s westmoreland rd, dallas, tx 75233, usa"
512,-117.1712155,32.7505344,"4033 goldfinch st, san diego, ca 92103, usa"
513,-72.6850932,41.7637111,"hartford, ct, usa"
514,-122.4194155,37.7749295,"san francisco, ca, usa"
519,-121.4943996,38.5815719,"sacramento, ca, usa"
521,-95.712891,37.09024,united states
522,-86.158068,39.768403,"indianapolis, in, usa"
523,-119.4179324,36.778261,"california, usa"
525,-122.3320708,47.6062095,"seattle, wa, usa"
527,-87.9334803,44.4561674,"brown county, wi, usa"
528,-112.0245054,46.5883707,"helena, mt, usa"
529,-96.7969879,32.7766642,"dallas, tx, usa"
530,-119.4179324,36.778261,"california, usa"
531,-78.9357375,35.96604,"kamis st, durham, nc 27707, usa"
532,-80.1917902,25.7616798,"miami, fl, usa"
533,-90.038134,35.145116,"664 adams ave, memphis, tn 38105, usa"
534,-93.2774855,38.7137078,"us-50, sedalia, mo 65301, usa"
536,-94.6858998,46.729553,"minnesota, usa"
537,-87.0611412,41.4730948,"valparaiso, in, usa"
538,-82.4249142,42.9708634,"port huron, mi, usa"
539,-84.1916069,39.7589478,"dayton, oh, usa"
540,-80.3247935,36.9183018,"220 webbs mill rd n, floyd, va 24091, usa"
541,-85.6023643,44.3148443,"michigan, usa"
543,-99.9018131,31.9685988,"texas, usa"
544,-75.4883285,40.6794162,"1001 main st, northampton, pa 18067, usa"
545,-74.4056612,40.0583238,"new jersey, usa"
546,-77.0909809,38.8816208,"arlington county, arlington, va, usa"
548,-86.7827772,36.0331164,"brentwood, tn, usa"
549,-73.9992966,40.7453369,"312-320 w 23rd st la, new york, ny 10011, usa"
550,-81.5157535,27.6648274,"florida, usa"
551,-99.9018131,31.9685988,"texas, usa"
552,-93.3860853,45.112059,"8616 xylon ave n # m, minneapolis, mn 55445, usa"
553,-82.907123,40.4172871,"ohio, usa"
557,-122.7439395,38.4248296,"keegan dr, santa rosa, ca 95407, usa"
558,-80.0533746,26.7153424,"west palm beach, fl, usa"
559,-118.2436849,34.0522342,"los angeles, ca, usa"
560,-71.061361,42.364205,"155 portland st, boston, ma 02114, usa"
562,-121.8410742,48.276958,"wa-530, washington, usa"
563,-116.419389,34.9592083,"southern california, ca, usa"
565,-73.9066342,40.9892658,"palisades interstate park commission: state line lookout, palisades interstate pkwy, alpine, nj 07620, usa"
567,-87.9079264,43.0378084,"611 n broadway suite 100, milwaukee, wi 53202, usa"
570,-99.9018131,31.9685988,"texas, usa"
572,-80.1373174,26.1224386,"fort lauderdale, fl, usa"
574,-95.1765978,29.9988306,"atascocita, tx, usa"
575,-74.3882072,40.787878,"florham park, nj, usa"
576,-76.6412712,39.0457549,"maryland, usa"
579,-86.2604102,39.7644337,"10 s mickley ave, indianapolis, in 46241, usa"
580,-106.3967465,39.6418217,"953 s frontage rd w #103, vail, co 81657, usa"
581,-86.1612899,39.7211519,"147 tri sab ln, indianapolis, in 46217, usa"
583,-77.0368707,38.9071923,"washington, dc, usa"
584,-81.5582714,28.3575294,"351 s studio dr, lake buena vista, fl 32830, usa"
590,-74.0059728,40.7127753,"new york, ny, usa"
593,-94.77032,38.85953,"14800 s arapaho dr, olathe, ks 66062, usa"
597,-76.229587,36.789225,"825 greenbrier circle p, chesapeake, va 23320, united states"
599,-74.0059728,40.7127753,"new york, ny, usa"
602,-83.7430378,42.2808256,"ann arbor, mi, usa"
603,-73.975694,40.8270448,"edgewater, nj 07020, usa"
605,-74.0059728,40.7127753,"new york, ny, usa"
607,-99.9018131,41.4925374,"nebraska, usa"
609,-77.0368707,38.9071923,"washington, dc, usa"
610,-82.907123,40.4172871,"ohio, usa"
611,-111.0937311,39.3209801,"utah, usa"
612,-117.4260465,47.6587802,"spokane, wa, usa"
614,-97.7430608,30.267153,"austin, tx, usa"
616,-81.4732881,35.1662128,"3 watterson rd, grover, sc 28073, usa"
617,-122.2913078,37.8271784,"san francisco bay area, ca, usa"
626,-119.0187125,35.3732921,"bakersfield, ca, usa"
632,-76.7083033,40.2653681,"hummelstown, pa 17036, usa"
634,-82.9000751,32.1656221,"georgia, usa"
635,-122.4194155,37.7749295,"san francisco, ca, usa"
636,-77.0368707,38.9071923,"washington, dc, usa"
637,-81.6943605,41.49932,"cleveland, oh, usa"
638,-91.0709371,30.3626927,"the shire, baton rouge, la 70810, usa"
641,-118.369159,34.0757497,"8230 beverly blvd #11, los angeles, ca 90048, usa"
643,-80.7312862,36.30256,"415 always acres trail, elkin, nc 28621, usa"
645,-110.926479,32.2217429,"tucson, az, usa"
646,-95.712891,37.09024,united states
649,-77.0368707,38.9071923,"washington, dc, usa"
654,-82.4012642,40.0581205,"newark, oh, usa"
655,-117.7499909,34.055103,"pomona, ca, usa"
657,-119.6981901,34.4208305,"santa barbara, ca, usa"
658,-119.4179324,36.778261,"california, usa"
659,-74.0434736,40.8859325,"hackensack, nj, usa"
661,-82.9987942,39.9611755,"columbus, oh, usa"
662,-94.419722,39.245903,"15 e kansas st #210, liberty, mo 64068, usa"
663,-111.0937311,39.3209801,"utah, usa"
664,-80.1917902,25.7616798,"miami, fl, usa"
665,-90.0489801,35.1495343,"memphis, tn, usa"
668,-88.0384195,42.888627,"franklin, wi 53132, usa"
669,-91.1403196,30.4582829,"baton rouge, la, usa"
670,-85.7731213,30.1857096,"7940 front beach rd #1007, panama city beach, fl 32407, usa"
671,-120.672395,35.1552532,"shell beach, pismo beach, ca 93449, usa"
676,-76.1319953,39.0263572,"queen anne's county, md, usa"
677,-74.0059728,40.7127753,"new york, ny, usa"
679,-82.4571776,27.950575,"tampa, fl, usa"
680,-95.712891,37.09024,united states
681,-79.9310512,32.7764749,"charleston, sc, usa"
682,-83.0457538,42.331427,"detroit, mi, usa"
684,-112.0740373,33.4483771,"phoenix, az, usa"
685,-91.1403196,30.4582829,"baton rouge, la, usa"
689,-82.9987942,39.9611755,"columbus, oh, usa"
692,-122.788377,45.4604,"6-a, 8082 sw nimbus ave, beaverton, or 97008, united states"
694,-84.3879824,33.7489954,"atlanta, ga, usa"
696,-87.6297982,41.8781136,"chicago, il, usa"
697,-77.2405153,39.1547426,"montgomery county, md, usa"
699,-97.7430608,30.267153,"austin, tx, usa"
700,-77.0469214,38.8048355,"alexandria, va, usa"
701,-122.6764815,45.5230622,"portland, or, usa"
703,-71.4774291,41.5800945,"rhode island, usa"
705,-84.170196,33.8081608,"stone mountain, ga, usa"
708,-77.0909809,38.8816208,"arlington county, arlington, va, usa"
709,-80.8428504,35.410694,"huntersville, nc 28078, usa"
710,-74.065479,40.1784214,"2600 belmar blvd, wall township, nj 07719, usa"
711,-74.0059728,40.7127753,"new york, ny, usa"
712,-77.6109219,43.16103,"rochester, ny, usa"
713,-71.4774291,41.5800945,"rhode island, usa"
714,-74.8148894,38.9917797,"wildwood, nj 08260, usa"
717,-73.087749,41.6032207,"connecticut, usa"
719,-78.6381787,35.7795897,"raleigh, nc, usa"
724,-77.8600012,40.7933949,"state college, pa, usa"
728,-118.2436849,34.0522342,"los angeles, ca, usa"
731,-71.0588801,42.3600825,"boston, ma, usa"
732,-84.7602933,38.555909,"ky-845, owenton, ky 40359, usa"
733,-74.0059728,40.7127753,"new york, ny, usa"
734,-97.333486,32.748016,"500 w 13th st, fort worth, tx 76102, usa"
736,-105.7820674,39.5500507,"colorado, usa"
738,-81.5605083,28.3593133,"walt disney records, kissimmee, fl 34747, usa"
740,-97.135173,32.549858,"123 sentry dr, mansfield, tx 76063, usa"
742,-106.6055534,35.0853336,"albuquerque, nm, usa"
745,-75.4142592,40.6314858,"central railroad of new jersey, pennsylvania, usa"
747,-95.370026,35.7475692,"125 s main st, muskogee, ok 74401, usa"
748,-84.4118579,33.7505746,"156 mildred st sw, atlanta, ga 30314, usa"
749,-117.9544069,33.7090212,"fountain valley, ca 92708, usa"
750,-77.0368707,38.9071923,"washington, dc, usa"
751,-97.6961026,26.1906306,"harlingen, tx, usa"
752,-117.1610838,32.715738,"san diego, ca, usa"
760,-84.3879824,33.7489954,"atlanta, ga, usa"
762,-74.921561,38.933058,"526 washington st, cape may, nj 08204, usa"
763,-74.0059728,40.7127753,"new york, ny, usa"
764,-77.0368707,38.9071923,"washington, dc, usa"
767,-117.1610838,32.715738,"san diego, ca, usa"
769,-85.3863599,40.1933767,"muncie, in, usa"
774,-87.3376919,41.4465248,"111 w 94th pl, crown point, in 46307, usa"
776,-75.768132,39.6795242,"800 barksdale rd, newark, de 19711, usa"
777,-81.5157535,27.6648274,"florida, usa"
780,-122.4194155,37.7749295,"san francisco, ca, usa"
783,-75.1652215,39.9525839,"philadelphia, pa, usa"
784,-86.80249,33.5206608,"birmingham, al, usa"
786,-77.0368707,38.9071923,"washington, dc, usa"
787,-95.712891,37.09024,united states
791,-77.5218127,37.5735567,"po box 17111, richmond, va 23226, usa"
793,-118.2922461,33.7360619,"san pedro, los angeles, ca, usa"
795,-74.0059728,40.7127753,"new york, ny, usa"
797,-72.589811,42.1014831,"springfield, ma, usa"
798,-117.6910117,33.5273114,"25142 hidden hills rd, laguna niguel, ca 92677, usa"
802,-94.7404891,32.5007037,"longview, tx, usa"
803,-76.7570041,38.9862428,"6915 laurel bowie rd #201, bowie, md 20715, usa"
804,-97.3307658,32.7554883,"fort worth, tx, usa"
805,-73.7562317,42.6525793,"albany, ny, usa"
806,-73.9464769,40.8115504,"harlem, new york, ny, usa"
814,-122.2913078,37.8271784,"san francisco bay area, ca, usa"
817,-99.9018131,31.9685988,"texas, usa"
818,-122.3320708,47.6062095,"seattle, wa, usa"
819,-120.8958242,38.8375215,"northern california, ca, usa"
822,-96.7969879,32.7766642,"dallas, tx, usa"
824,-95.712891,37.09024,united states
827,-72.5594036,42.8522077,"16 harmony place, brattleboro, vt 05301, usa"
828,-83.9207392,35.9606384,"knoxville, tn, usa"
833,-84.3879824,33.7489954,"atlanta, ga, usa"
834,-86.954437,33.4017766,"bessemer, al, usa"
837,-76.1804843,42.6011813,"cortland, ny 13045, usa"
840,-86.32591,36.178525,"100 physician's way #110, lebanon, tn 37090, usa"
841,-86.2999689,32.3668052,"montgomery, al, usa"
842,-83.2218731,42.4733688,"southfield, mi, usa"
843,-118.2436849,34.0522342,"los angeles, ca, usa"
844,-120.7930978,38.7300872,"681 main st, placerville, ca 95667, usa"
847,-95.712891,37.09024,united states
848,-74.0059728,40.7127753,"new york, ny, usa"
849,-84.3879824,33.7489954,"atlanta, ga, usa"
850,-85.6023643,44.3148443,"michigan, usa"
851,-77.0368707,38.9071923,"washington, dc, usa"
852,-95.712891,37.09024,united states
853,-93.6091064,41.6005448,"des moines, ia, usa"
854,-91.9206505,44.9028713,"1801 wakanda st ne, menomonie, wi 54751, usa"
856,-87.6297982,41.8781136,"chicago, il, usa"
857,-91.9623327,30.9842977,"louisiana, usa"
858,-74.511172,40.3025907,"cranbury township, nj, usa"
860,-91.1403196,30.4582829,"baton rouge, la, usa"
861,-86.2999689,32.3668052,"montgomery, al, usa"
864,-78.8689155,38.4495688,"harrisonburg, va, usa"
867,-93.2650108,44.977753,"minneapolis, mn, usa"
868,-74.0059728,40.7127753,"new york, ny, usa"
870,-78.4766781,38.0293059,"charlottesville, va, usa"
871,-82.6618424,40.8814452,"shelby, oh 44875, usa"
873,-76.6121893,39.2903848,"baltimore, md, usa"
874,-98.5195891,40.0890046,"red cloud, ne 68970, usa"
876,-95.712891,37.09024,united states
879,-74.0059728,40.7127753,"new york, ny, usa"
884,-158.0000565,21.4389123,"o‰Û÷ahu, hawaii, usa"
885,-83.0457538,42.331427,"detroit, mi, usa"
886,-76.8610462,39.2037144,"columbia, md, usa"
887,-70.8967155,42.51954,"salem, ma, usa"
888,-83.8888647,43.5944677,"bay city, mi, usa"
894,-83.0457538,42.331427,"detroit, mi, usa"
895,-77.0368707,38.9071923,"washington, dc, usa"
896,-119.4179324,36.778261,"california, usa"
898,-74.0059728,40.7127753,"new york, ny, usa"
900,-95.712891,37.09024,united states
903,-77.1527578,39.0839973,"rockville, md, usa"
904,-71.0994968,42.3875968,"somerville, ma, usa"
905,-95.712891,37.09024,united states
906,-122.6764815,45.5230622,"portland, or, usa"
907,-72.5778415,44.5588028,"vermont, usa"
908,-121.9780153,37.7799273,"san ramon, ca, usa"
909,-83.0457538,42.331427,"detroit, mi, usa"
911,-81.655651,30.3321838,"jacksonville, fl, usa"
913,-78.871348,35.819905,"3040 carpenter upchurch rd, cary, nc 27519, usa"
915,-73.9441579,40.6781784,"brooklyn, ny, usa"
918,-81.5157535,27.6648274,"florida, usa"
919,-84.3879824,33.7489954,"atlanta, ga, usa"
920,-99.9018131,31.9685988,"texas, usa"
921,-95.712891,37.09024,united states
923,-95.9618958,36.0404924,"8330 riverside pkwy, tulsa, ok 74137, usa"
924,-122.4194155,37.7749295,"san francisco, ca, usa"
925,-97.3307658,32.7554883,"fort worth, tx, usa"
926,-97.1197867,33.08371,"lantana, tx 76226, usa"
927,-73.9992966,40.7453369,"312-320 w 23rd st la, new york, ny 10011, usa"
932,-99.9018131,31.9685988,"texas, usa"
935,-91.121292,42.484074,"117 3rd st se, dyersville, ia 52040, usa"
937,-91.6656232,41.9778795,"cedar rapids, ia, usa"
939,-77.7036566,43.1917686,"1555 long pond rd, rochester, ny 14626, usa"
943,-84.8499504,39.090891,"lawrenceburg, in 47025, usa"
946,-85.6680863,42.9633599,"grand rapids, mi, usa"
950,-95.3698028,29.7604267,"houston, tx, usa"
951,-88.3147028,36.5973679,"707 s 12th st, murray, ky 42071, usa"
952,-75.6046494,39.2998339,"smyrna, de 19977, usa"
954,-79.9958864,40.4406248,"pittsburgh, pa, usa"
958,-71.467566,42.7653662,"nashua, nh, usa"
959,-95.971261,36.153315,"533 s rockford ave, tulsa, ok 74120, usa"
962,-75.1652215,39.9525839,"philadelphia, pa, usa"
964,-82.5673127,35.6162921,"1 university heights, asheville, nc 28804, usa"
968,-118.2436849,34.0522342,"los angeles, ca, usa"